e000	
e001	
e002	
e003	
e004	
e005	
e006	
e007	
e008	
e009	
e00a	
e0a0	
e0a1	
e0a2	
e0a3	
e0a4	
e0a5	
e0b0	
e0b1	
e0b2	
e0b3	
e0b4	
e0b5	
e0b6	
e0b7	
e0b8	
e0b9	
e0ba	
e0bb	
e0bc	
e0bd	
e0be	
e0bf	
e0c0	
e0c1	
e0c2	
e0c3	
e0c4	
e0c5	
e0c6	
e0c7	
e0c8	
e0c9	
e0ca	
e0cb	
e0cc	
e0cd	
e0ce	
e0cf	
e0d0	
e0d1	
e0d2	
e0d3	
e0d4	
e200	
e201	
e202	
e203	
e204	
e205	
e206	
e207	
e208	
e209	
e20a	
e20b	
e20c	
e20d	
e20e	
e20f	
e210	
e211	
e212	
e213	
e214	
e215	
e216	
e217	
e218	
e219	
e21a	
e21b	
e21c	
e21d	
e21e	
e21f	
e220	
e221	
e222	
e223	
e224	
e225	
e226	
e227	
e228	
e229	
e22a	
e22b	
e22c	
e22d	
e22e	
e22f	
e230	
e231	
e232	
e233	
e234	
e235	
e236	
e237	
e238	
e239	
e23a	
e23b	
e23c	
e23d	
e23e	
e23f	
e240	
e241	
e242	
e243	
e244	
e245	
e246	
e247	
e248	
e249	
e24a	
e24b	
e24c	
e24d	
e24e	
e24f	
e250	
e251	
e252	
e253	
e254	
e255	
e256	
e257	
e258	
e259	
e25a	
e25b	
e25c	
e25d	
e25e	
e25f	
e260	
e261	
e262	
e263	
e264	
e265	
e266	
e267	
e268	
e269	
e26a	
e26b	
e26c	
e26d	
e26e	
e26f	
e270	
e271	
e272	
e273	
e274	
e275	
e276	
e277	
e278	
e279	
e27a	
e27b	
e27c	
e27d	
e27e	
e27f	
e280	
e281	
e282	
e283	
e284	
e285	
e286	
e287	
e288	
e289	
e28a	
e28b	
e28c	
e28d	
e28e	
e28f	
e290	
e291	
e292	
e293	
e294	
e295	
e296	
e297	
e298	
e299	
e29a	
e29b	
e29c	
e29d	
e29e	
e29f	
e2a0	
e2a1	
e2a2	
e2a3	
e2a4	
e2a5	
e2a6	
e2a7	
e2a8	
e2a9	
e300	
e301	
e302	
e303	
e304	
e305	
e306	
e307	
e308	
e309	
e30a	
e30b	
e30c	
e30d	
e30e	
e30f	
e310	
e311	
e312	
e313	
e314	
e315	
e316	
e317	
e318	
e319	
e31a	
e31b	
e31c	
e31d	
e31e	
e31f	
e320	
e321	
e322	
e323	
e324	
e325	
e326	
e327	
e328	
e329	
e32a	
e32b	
e32c	
e32d	
e32e	
e32f	
e330	
e331	
e332	
e333	
e334	
e335	
e336	
e337	
e338	
e339	
e33a	
e33b	
e33c	
e33d	
e33e	
e33f	
e340	
e341	
e342	
e343	
e344	
e345	
e346	
e347	
e348	
e349	
e34a	
e34b	
e34c	
e34d	
e34e	
e34f	
e350	
e351	
e352	
e353	
e354	
e355	
e356	
e357	
e358	
e359	
e35a	
e35b	
e35c	
e35d	
e35e	
e35f	
e360	
e361	
e362	
e363	
e364	
e365	
e366	
e367	
e368	
e369	
e36a	
e36b	
e36c	
e36d	
e36e	
e36f	
e370	
e371	
e372	
e373	
e374	
e375	
e376	
e377	
e378	
e379	
e37a	
e37b	
e37c	
e37d	
e37e	
e37f	
e380	
e381	
e382	
e383	
e384	
e385	
e386	
e387	
e388	
e389	
e38a	
e38b	
e38c	
e38d	
e38e	
e38f	
e390	
e391	
e392	
e393	
e394	
e395	
e396	
e397	
e398	
e399	
e39a	
e39b	
e39c	
e39d	
e39e	
e39f	
e3a0	
e3a1	
e3a2	
e3a3	
e3a4	
e3a5	
e3a6	
e3a7	
e3a8	
e3a9	
e3aa	
e3ab	
e3ac	
e3ad	
e3ae	
e3af	
e3b0	
e3b1	
e3b2	
e3b3	
e3b4	
e3b5	
e3b6	
e3b7	
e3b8	
e3b9	
e3ba	
e3bb	
e3bc	
e3bd	
e3be	
e3bf	
e3c0	
e3c1	
e3c2	
e3c3	
e3c4	
e3c5	
e3c6	
e3c7	
e3c8	
e3c9	
e3ca	
e3cb	
e3cc	
e3cd	
e3ce	
e3cf	
e3d0	
e3d1	
e3d2	
e3d3	
e3d4	
e3d5	
e3d6	
e3d7	
e3d8	
e3d9	
e3da	
e3db	
e3dc	
e3dd	
e3de	
e3df	
e3e0	
e3e1	
e3e2	
e3e3	
e5fa	
e5fb	
e5fc	
e5fd	
e5fe	
e5ff	
e600	
e601	
e602	
e603	
e604	
e605	
e606	
e607	
e608	
e609	
e60a	
e60b	
e60c	
e60d	
e60e	
e60f	
e610	
e611	
e612	
e613	
e614	
e615	
e616	
e617	
e618	
e619	
e61a	
e61b	
e61c	
e61d	
e61e	
e61f	
e620	
e621	
e622	
e623	
e624	
e625	
e626	
e627	
e628	
e629	
e62a	
e62b	
e62c	
e62d	
e62e	
e700	
e701	
e702	
e703	
e704	
e705	
e706	
e707	
e708	
e709	
e70a	
e70b	
e70c	
e70d	
e70e	
e70f	
e710	
e711	
e712	
e713	
e714	
e715	
e716	
e717	
e718	
e719	
e71a	
e71b	
e71c	
e71d	
e71e	
e71f	
e720	
e721	
e722	
e723	
e724	
e725	
e726	
e727	
e728	
e729	
e72a	
e72b	
e72c	
e72d	
e72e	
e72f	
e730	
e731	
e732	
e733	
e734	
e735	
e736	
e737	
e738	
e739	
e73a	
e73b	
e73c	
e73d	
e73e	
e73f	
e740	
e741	
e742	
e743	
e744	
e745	
e746	
e747	
e748	
e749	
e74a	
e74b	
e74c	
e74d	
e74e	
e74f	
e750	
e751	
e752	
e753	
e754	
e755	
e756	
e757	
e758	
e759	
e75a	
e75b	
e75c	
e75d	
e75e	
e75f	
e760	
e761	
e762	
e763	
e764	
e765	
e766	
e767	
e768	
e769	
e76a	
e76b	
e76c	
e76d	
e76e	
e76f	
e770	
e771	
e772	
e773	
e774	
e775	
e776	
e777	
e778	
e779	
e77a	
e77b	
e77c	
e77d	
e77e	
e77f	
e780	
e781	
e782	
e783	
e784	
e785	
e786	
e787	
e788	
e789	
e78a	
e78b	
e78c	
e78d	
e78e	
e78f	
e790	
e791	
e792	
e793	
e794	
e795	
e796	
e797	
e798	
e799	
e79a	
e79b	
e79c	
e79d	
e79e	
e79f	
e7a0	
e7a1	
e7a2	
e7a3	
e7a4	
e7a5	
e7a6	
e7a7	
e7a8	
e7a9	
e7aa	
e7ab	
e7ac	
e7ad	
e7ae	
e7af	
e7b0	
e7b1	
e7b2	
e7b3	
e7b4	
e7b5	
e7b6	
e7b7	
e7b8	
e7b9	
e7ba	
e7bb	
e7bc	
e7bd	
e7be	
e7bf	
e7c0	
e7c1	
e7c2	
e7c3	
e7c4	
e7c5	
f000	
f001	
f002	
f003	
f004	
f005	
f006	
f007	
f008	
f009	
f00a	
f00b	
f00c	
f00d	
f00e	
f00f	
f010	
f011	
f012	
f013	
f014	
f015	
f016	
f017	
f018	
f019	
f01a	
f01b	
f01c	
f01d	
f01e	
f01f	
f020	
f021	
f022	
f023	
f024	
f025	
f026	
f027	
f028	
f029	
f02a	
f02b	
f02c	
f02d	
f02e	
f02f	
f030	
f031	
f032	
f033	
f034	
f035	
f036	
f037	
f038	
f039	
f03a	
f03b	
f03c	
f03d	
f03e	
f03f	
f040	
f041	
f042	
f043	
f044	
f045	
f046	
f047	
f048	
f049	
f04a	
f04b	
f04c	
f04d	
f04e	
f04f	
f050	
f051	
f052	
f053	
f054	
f055	
f056	
f057	
f058	
f059	
f05a	
f05b	
f05c	
f05d	
f05e	
f05f	
f060	
f061	
f062	
f063	
f064	
f065	
f066	
f067	
f068	
f069	
f06a	
f06b	
f06c	
f06d	
f06e	
f06f	
f070	
f071	
f072	
f073	
f074	
f075	
f076	
f077	
f078	
f079	
f07a	
f07b	
f07c	
f07d	
f07e	
f07f	
f080	
f081	
f082	
f083	
f084	
f085	
f086	
f087	
f088	
f089	
f08a	
f08b	
f08c	
f08d	
f08e	
f08f	
f090	
f091	
f092	
f093	
f094	
f095	
f096	
f097	
f098	
f099	
f09a	
f09b	
f09c	
f09d	
f09e	
f09f	
f0a0	
f0a1	
f0a2	
f0a3	
f0a4	
f0a5	
f0a6	
f0a7	
f0a8	
f0a9	
f0aa	
f0ab	
f0ac	
f0ad	
f0ae	
f0af	
f0b0	
f0b1	
f0b2	
f0c0	
f0c1	
f0c2	
f0c3	
f0c4	
f0c5	
f0c6	
f0c7	
f0c8	
f0c9	
f0ca	
f0cb	
f0cc	
f0cd	
f0ce	
f0cf	
f0d0	
f0d1	
f0d2	
f0d3	
f0d4	
f0d5	
f0d6	
f0d7	
f0d8	
f0d9	
f0da	
f0db	
f0dc	
f0dd	
f0de	
f0df	
f0e0	
f0e1	
f0e2	
f0e3	
f0e4	
f0e5	
f0e6	
f0e7	
f0e8	
f0e9	
f0ea	
f0eb	
f0ec	
f0ed	
f0ee	
f0ef	
f0f0	
f0f1	
f0f2	
f0f3	
f0f4	
f0f5	
f0f6	
f0f7	
f0f8	
f0f9	
f0fa	
f0fb	
f0fc	
f0fd	
f0fe	
f0ff	
f100	
f101	
f102	
f103	
f104	
f105	
f106	
f107	
f108	
f109	
f10a	
f10b	
f10c	
f10d	
f10e	
f10f	
f110	
f111	
f112	
f113	
f114	
f115	
f116	
f117	
f118	
f119	
f11a	
f11b	
f11c	
f11d	
f11e	
f11f	
f120	
f121	
f122	
f123	
f124	
f125	
f126	
f127	
f128	
f129	
f12a	
f12b	
f12c	
f12d	
f12e	
f12f	
f130	
f131	
f132	
f133	
f134	
f135	
f136	
f137	
f138	
f139	
f13a	
f13b	
f13c	
f13d	
f13e	
f13f	
f140	
f141	
f142	
f143	
f144	
f145	
f146	
f147	
f148	
f149	
f14a	
f14b	
f14c	
f14d	
f14e	
f14f	
f150	
f151	
f152	
f153	
f154	
f155	
f156	
f157	
f158	
f159	
f15a	
f15b	
f15c	
f15d	
f15e	
f15f	
f160	
f161	
f162	
f163	
f164	
f165	
f166	
f167	
f168	
f169	
f16a	
f16b	
f16c	
f16d	
f16e	
f16f	
f170	
f171	
f172	
f173	
f174	
f175	
f176	
f177	
f178	
f179	
f17a	
f17b	
f17c	
f17d	
f17e	
f17f	
f180	
f181	
f182	
f183	
f184	
f185	
f186	
f187	
f188	
f189	
f18a	
f18b	
f18c	
f18d	
f18e	
f18f	
f190	
f191	
f192	
f193	
f194	
f195	
f196	
f197	
f198	
f199	
f19a	
f19b	
f19c	
f19d	
f19e	
f19f	
f1a0	
f1a1	
f1a2	
f1a3	
f1a4	
f1a5	
f1a6	
f1a7	
f1a8	
f1a9	
f1aa	
f1ab	
f1ac	
f1ad	
f1ae	
f1af	
f1b0	
f1b1	
f1b2	
f1b3	
f1b4	
f1b5	
f1b6	
f1b7	
f1b8	
f1b9	
f1ba	
f1bb	
f1bc	
f1bd	
f1be	
f1bf	
f1c0	
f1c1	
f1c2	
f1c3	
f1c4	
f1c5	
f1c6	
f1c7	
f1c8	
f1c9	
f1ca	
f1cb	
f1cc	
f1cd	
f1ce	
f1cf	
f1d0	
f1d1	
f1d2	
f1d3	
f1d4	
f1d5	
f1d6	
f1d7	
f1d8	
f1d9	
f1da	
f1db	
f1dc	
f1dd	
f1de	
f1df	
f1e0	
f1e1	
f1e2	
f1e3	
f1e4	
f1e5	
f1e6	
f1e7	
f1e8	
f1e9	
f1ea	
f1eb	
f1ec	
f1ed	
f1ee	
f1ef	
f1f0	
f1f1	
f1f2	
f1f3	
f1f4	
f1f5	
f1f6	
f1f7	
f1f8	
f1f9	
f1fa	
f1fb	
f1fc	
f1fd	
f1fe	
f1ff	
f200	
f201	
f202	
f203	
f204	
f205	
f206	
f207	
f208	
f209	
f20a	
f20b	
f20c	
f20d	
f20e	
f20f	
f210	
f211	
f212	
f213	
f214	
f215	
f216	
f217	
f218	
f219	
f21a	
f21b	
f21c	
f21d	
f21e	
f21f	
f220	
f221	
f222	
f223	
f224	
f225	
f226	
f227	
f228	
f229	
f22a	
f22b	
f22c	
f22d	
f22e	
f22f	
f230	
f231	
f232	
f233	
f234	
f235	
f236	
f237	
f238	
f239	
f23a	
f23b	
f23c	
f23d	
f23e	
f23f	
f240	
f241	
f242	
f243	
f244	
f245	
f246	
f247	
f248	
f249	
f24a	
f24b	
f24c	
f24d	
f24e	
f24f	
f250	
f251	
f252	
f253	
f254	
f255	
f256	
f257	
f258	
f259	
f25a	
f25b	
f25c	
f25d	
f25e	
f25f	
f260	
f261	
f262	
f263	
f264	
f265	
f266	
f267	
f268	
f269	
f26a	
f26b	
f26c	
f26d	
f26e	
f26f	
f270	
f271	
f272	
f273	
f274	
f275	
f276	
f277	
f278	
f279	
f27a	
f27b	
f27c	
f27d	
f27e	
f27f	
f280	
f281	
f282	
f283	
f284	
f285	
f286	
f287	
f288	
f289	
f28a	
f28b	
f28c	
f28d	
f28e	
f28f	
f290	
f291	
f292	
f293	
f294	
f295	
f296	
f297	
f298	
f299	
f29a	
f29b	
f29c	
f29d	
f29e	
f29f	
f2a0	
f2a1	
f2a2	
f2a3	
f2a4	
f2a5	
f2a6	
f2a7	
f2a8	
f2a9	
f2aa	
f2ab	
f2ac	
f2ad	
f2ae	
f2af	
f2b0	
f2b1	
f2b2	
f2b3	
f2b4	
f2b5	
f2b6	
f2b7	
f2b8	
f2b9	
f2ba	
f2bb	
f2bc	
f2bd	
f2be	
f2bf	
f2c0	
f2c1	
f2c2	
f2c3	
f2c4	
f2c5	
f2c6	
f2c7	
f2c8	
f2c9	
f2ca	
f2cb	
f2cc	
f2cd	
f2ce	
f2cf	
f2d0	
f2d1	
f2d2	
f2d3	
f2d4	
f2d5	
f2d6	
f2d7	
f2d8	
f2d9	
f2da	
f2db	
f2dc	
f2dd	
f2de	
f2df	
f2e0	
f300	
f301	
f302	
f303	
f304	
f305	
f306	
f307	
f308	
f309	
f30a	
f30b	
f30c	
f30d	
f30e	
f30f	
f310	
f311	
f312	
f313	
f314	
f315	
f316	
f317	
f318	
f319	
f31a	
f31b	
f31c	
f400	
f401	
f402	
f403	
f404	
f405	
f406	
f407	
f408	
f409	
f40a	
f40b	
f40c	
f40d	
f40e	
f40f	
f410	
f411	
f412	
f413	
f414	
f415	
f416	
f417	
f418	
f419	
f41a	
f41b	
f41c	
f41d	
f41e	
f41f	
f420	
f421	
f422	
f423	
f424	
f425	
f426	
f427	
f428	
f429	
f42a	
f42b	
f42c	
f42d	
f42e	
f42f	
f430	
f431	
f432	
f433	
f434	
f435	
f436	
f437	
f438	
f439	
f43a	
f43b	
f43c	
f43d	
f43e	
f43f	
f440	
f441	
f442	
f443	
f444	
f445	
f446	
f447	
f448	
f449	
f44a	
f44b	
f44c	
f44d	
f44e	
f44f	
f450	
f451	
f452	
f453	
f454	
f455	
f456	
f457	
f458	
f459	
f45a	
f45b	
f45c	
f45d	
f45e	
f45f	
f460	
f461	
f462	
f463	
f464	
f465	
f466	
f467	
f468	
f469	
f46a	
f46b	
f46c	
f46d	
f46e	
f46f	
f470	
f471	
f472	
f473	
f474	
f475	
f476	
f477	
f478	
f479	
f47a	
f47b	
f47c	
f47d	
f47e	
f47f	
f480	
f481	
f482	
f483	
f484	
f485	
f486	
f487	
f488	
f489	
f48a	
f48b	
f48c	
f48d	
f48e	
f48f	
f490	
f491	
f492	
f493	
f494	
f495	
f496	
f497	
f498	
f499	
f49a	
f49b	
f49c	
f49d	
f49e	
f49f	
f4a0	
f4a1	
f4a2	
f4a3	
f4a4	
f4a5	
f4a6	
f4a7	
f4a8	
f4a9	
f500	
f501	
f502	
f503	
f504	
f505	
f506	
f507	
f508	
f509	
f50a	
f50b	
f50c	
f50d	
f50e	
f50f	
f510	
f511	
f512	
f513	
f514	
f515	
f516	
f517	
f518	
f519	
f51a	
f51b	
f51c	
f51d	
f51e	
f51f	
f520	
f521	
f522	
f523	
f524	
f525	
f526	
f527	
f528	
f529	
f52a	
f52b	
f52c	
f52d	
f52e	
f52f	
f530	
f531	
f532	
f533	
f534	
f535	
f536	
f537	
f538	
f539	
f53a	
f53b	
f53c	
f53d	
f53e	
f53f	
f540	
f541	
f542	
f543	
f544	
f545	
f546	
f547	
f548	
f549	
f54a	
f54b	
f54c	
f54d	
f54e	
f54f	
f550	
f551	
f552	
f553	
f554	
f555	
f556	
f557	
f558	
f559	
f55a	
f55b	
f55c	
f55d	
f55e	
f55f	
f560	
f561	
f562	
f563	
f564	
f565	
f566	
f567	
f568	
f569	
f56a	
f56b	
f56c	
f56d	
f56e	
f56f	
f570	
f571	
f572	
f573	
f574	
f575	
f576	
f577	
f578	
f579	
f57a	
f57b	
f57c	
f57d	
f57e	
f57f	
f580	
f581	
f582	
f583	
f584	
f585	
f586	
f587	
f588	
f589	
f58a	
f58b	
f58c	
f58d	
f58e	
f58f	
f590	
f591	
f592	
f593	
f594	
f595	
f596	
f597	
f598	
f599	
f59a	
f59b	
f59c	
f59d	
f59e	
f59f	
f5a0	
f5a1	
f5a2	
f5a3	
f5a4	
f5a5	
f5a6	
f5a7	
f5a8	
f5a9	
f5aa	
f5ab	
f5ac	
f5ad	
f5ae	
f5af	
f5b0	
f5b1	
f5b2	
f5b3	
f5b4	
f5b5	
f5b6	
f5b7	
f5b8	
f5b9	
f5ba	
f5bb	
f5bc	
f5bd	
f5be	
f5bf	
f5c0	
f5c1	
f5c2	
f5c3	
f5c4	
f5c5	
f5c6	
f5c7	
f5c8	
f5c9	
f5ca	
f5cb	
f5cc	
f5cd	
f5ce	
f5cf	
f5d0	
f5d1	
f5d2	
f5d3	
f5d4	
f5d5	
f5d6	
f5d7	
f5d8	
f5d9	
f5da	
f5db	
f5dc	
f5dd	
f5de	
f5df	
f5e0	
f5e1	
f5e2	
f5e3	
f5e4	
f5e5	
f5e6	
f5e7	
f5e8	
f5e9	
f5ea	
f5eb	
f5ec	
f5ed	
f5ee	
f5ef	
f5f0	
f5f1	
f5f2	
f5f3	
f5f4	
f5f5	
f5f6	
f5f7	
f5f8	
f5f9	
f5fa	
f5fb	
f5fc	
f5fd	
f5fe	
f5ff	
f600	
f601	
f602	
f603	
f604	
f605	
f606	
f607	
f608	
f609	
f60a	
f60b	
f60c	
f60d	
f60e	
f60f	
f610	
f611	
f612	
f613	
f614	
f615	
f616	
f617	
f618	
f619	
f61a	
f61b	
f61c	
f61d	
f61e	
f61f	
f620	
f621	
f622	
f623	
f624	
f625	
f626	
f627	
f628	
f629	
f62a	
f62b	
f62c	
f62d	
f62e	
f62f	
f630	
f631	
f632	
f633	
f634	
f635	
f636	
f637	
f638	
f639	
f63a	
f63b	
f63c	
f63d	
f63e	
f63f	
f640	
f641	
f642	
f643	
f644	
f645	
f646	
f647	
f648	
f649	
f64a	
f64b	
f64c	
f64d	
f64e	
f64f	
f650	
f651	
f652	
f653	
f654	
f655	
f656	
f657	
f658	
f659	
f65a	
f65b	
f65c	
f65d	
f65e	
f65f	
f660	
f661	
f662	
f663	
f664	
f665	
f666	
f667	
f668	
f669	
f66a	
f66b	
f66c	
f66d	
f66e	
f66f	
f670	
f671	
f672	
f673	
f674	
f675	
f676	
f677	
f678	
f679	
f67a	
f67b	
f67c	
f67d	
f67e	
f67f	
f680	
f681	
f682	
f683	
f684	
f685	
f686	
f687	
f688	
f689	
f68a	
f68b	
f68c	
f68d	
f68e	
f68f	
f690	
f691	
f692	
f693	
f694	
f695	
f696	
f697	
f698	
f699	
f69a	
f69b	
f69c	
f69d	
f69e	
f69f	
f6a0	
f6a1	
f6a2	
f6a3	
f6a4	
f6a5	
f6a6	
f6a7	
f6a8	
f6a9	
f6aa	
f6ab	
f6ac	
f6ad	
f6ae	
f6af	
f6b0	
f6b1	
f6b2	
f6b3	
f6b4	
f6b5	
f6b6	
f6b7	
f6b8	
f6b9	
f6ba	
f6bb	
f6bc	
f6bd	
f6be	
f6bf	
f6c0	
f6c1	
f6c2	
f6c3	
f6c4	
f6c5	
f6c6	
f6c7	
f6c8	
f6c9	
f6ca	
f6cb	
f6cc	
f6cd	
f6ce	
f6cf	
f6d0	
f6d1	
f6d2	
f6d3	
f6d4	
f6d5	
f6d6	
f6d7	
f6d8	
f6d9	
f6da	
f6db	
f6dc	
f6dd	
f6de	
f6df	
f6e0	
f6e1	
f6e2	
f6e3	
f6e4	
f6e5	
f6e6	
f6e7	
f6e8	
f6e9	
f6ea	
f6eb	
f6ec	
f6ed	
f6ee	
f6ef	
f6f0	
f6f1	
f6f2	
f6f3	
f6f4	
f6f5	
f6f6	
f6f7	
f6f8	
f6f9	
f6fa	
f6fb	
f6fc	
f6fd	
f6fe	
f6ff	
f700	
f701	
f702	
f703	
f704	
f705	
f706	
f707	
f708	
f709	
f70a	
f70b	
f70c	
f70d	
f70e	
f70f	
f710	
f711	
f712	
f713	
f714	
f715	
f716	
f717	
f718	
f719	
f71a	
f71b	
f71c	
f71d	
f71e	
f71f	
f720	
f721	
f722	
f723	
f724	
f725	
f726	
f727	
f728	
f729	
f72a	
f72b	
f72c	
f72d	
f72e	
f72f	
f730	
f731	
f732	
f733	
f734	
f735	
f736	
f737	
f738	
f739	
f73a	
f73b	
f73c	
f73d	
f73e	
f73f	
f740	
f741	
f742	
f743	
f744	
f745	
f746	
f747	
f748	
f749	
f74a	
f74b	
f74c	
f74d	
f74e	
f74f	
f750	
f751	
f752	
f753	
f754	
f755	
f756	
f757	
f758	
f759	
f75a	
f75b	
f75c	
f75d	
f75e	
f75f	
f760	
f761	
f762	
f763	
f764	
f765	
f766	
f767	
f768	
f769	
f76a	
f76b	
f76c	
f76d	
f76e	
f76f	
f770	
f771	
f772	
f773	
f774	
f775	
f776	
f777	
f778	
f779	
f77a	
f77b	
f77c	
f77d	
f77e	
f77f	
f780	
f781	
f782	
f783	
f784	
f785	
f786	
f787	
f788	
f789	
f78a	
f78b	
f78c	
f78d	
f78e	
f78f	
f790	
f791	
f792	
f793	
f794	
f795	
f796	
f797	
f798	
f799	
f79a	
f79b	
f79c	
f79d	
f79e	
f79f	
f7a0	
f7a1	
f7a2	
f7a3	
f7a4	
f7a5	
f7a6	
f7a7	
f7a8	
f7a9	
f7aa	
f7ab	
f7ac	
f7ad	
f7ae	
f7af	
f7b0	
f7b1	
f7b2	
f7b3	
f7b4	
f7b5	
f7b6	
f7b7	
f7b8	
f7b9	
f7ba	
f7bb	
f7bc	
f7bd	
f7be	
f7bf	
f7c0	
f7c1	
f7c2	
f7c3	
f7c4	
f7c5	
f7c6	
f7c7	
f7c8	
f7c9	
f7ca	
f7cb	
f7cc	
f7cd	
f7ce	
f7cf	
f7d0	
f7d1	
f7d2	
f7d3	
f7d4	
f7d5	
f7d6	
f7d7	
f7d8	
f7d9	
f7da	
f7db	
f7dc	
f7dd	
f7de	
f7df	
f7e0	
f7e1	
f7e2	
f7e3	
f7e4	
f7e5	
f7e6	
f7e7	
f7e8	
f7e9	
f7ea	
f7eb	
f7ec	
f7ed	
f7ee	
f7ef	
f7f0	
f7f1	
f7f2	
f7f3	
f7f4	
f7f5	
f7f6	
f7f7	
f7f8	
f7f9	
f7fa	
f7fb	
f7fc	
f7fd	
f7fe	
f7ff	
f800	
f801	
f802	
f803	
f804	
f805	
f806	
f807	
f808	
f809	
f80a	
f80b	
f80c	
f80d	
f80e	
f80f	
f810	
f811	
f812	
f813	
f814	
f815	
f816	
f817	
f818	
f819	
f81a	
f81b	
f81c	
f81d	
f81e	
f81f	
f820	
f821	
f822	
f823	
f824	
f825	
f826	
f827	
f828	
f829	
f82a	
f82b	
f82c	
f82d	
f82e	
f82f	
f830	
f831	
f832	
f833	
f834	
f835	
f836	
f837	
f838	
f839	
f83a	
f83b	
f83c	
f83d	
f83e	
f83f	
f840	
f841	
f842	
f843	
f844	
f845	
f846	
f847	
f848	
f849	
f84a	
f84b	
f84c	
f84d	
f84e	
f84f	
f850	
f851	
f852	
f853	
f854	
f855	
f856	
f857	
f858	
f859	
f85a	
f85b	
f85c	
f85d	
f85e	
f85f	
f860	
f861	
f862	
f863	
f864	
f865	
f866	
f867	
f868	
f869	
f86a	
f86b	
f86c	
f86d	
f86e	
f86f	
f870	
f871	
f872	
f873	
f874	
f875	
f876	
f877	
f878	
f879	
f87a	
f87b	
f87c	
f87d	
f87e	
f87f	
f880	
f881	
f882	
f883	
f884	
f885	
f886	
f887	
f888	
f889	
f88a	
f88b	
f88c	
f88d	
f88e	
f88f	
f890	
f891	
f892	
f893	
f894	
f895	
f896	
f897	
f898	
f899	
f89a	
f89b	
f89c	
f89d	
f89e	
f89f	
f8a0	
f8a1	
f8a2	
f8a3	
f8a4	
f8a5	
f8a6	
f8a7	
f8a8	
f8a9	
f8aa	
f8ab	
f8ac	
f8ad	
f8ae	
f8af	
f8b0	
f8b1	
f8b2	
f8b3	
f8b4	
f8b5	
f8b6	
f8b7	
f8b8	
f8b9	
f8ba	
f8bb	
f8bc	
f8bd	
f8be	
f8bf	
f8c0	
f8c1	
f8c2	
f8c3	
f8c4	
f8c5	
f8c6	
f8c7	
f8c8	
f8c9	
f8ca	
f8cb	
f8cc	
f8cd	
f8ce	
f8cf	
f8d0	
f8d1	
f8d2	
f8d3	
f8d4	
f8d5	
f8d6	
f8d7	
f8d8	
f8d9	
f8da	
f8db	
f8dc	
f8dd	
f8de	
f8df	
f8e0	
f8e1	
f8e2	
f8e3	
f8e4	
f8e5	
f8e6	
f8e7	
f8e8	
f8e9	
f8ea	
f8eb	
f8ec	
f8ed	
f8ee	
f8ef	
f8f0	
f8f1	
f8f2	
f8f3	
f8f4	
f8f5	
f8f6	
f8f7	
f8f8	
f8f9	
f8fa	
f8fb	
f8fc	
f8fd	
f8fe	
f8ff	
